translated,lang
# Ezekiel2517‚ú® ...,en
B E C K S T E R‚ú®,en
chris Osborne,en
Ramzan Kadyrov,ru
Margaret Savage,ru
Dark Nally,id
laila Heats,en
CC Jack,en
mr Moran,en
jonathon Norwood,en
Harper H21,en
lara Pretty,en
Jasiah Jenkins,en
jeremy Roberts,en
Reuben Littlejohn,en
pauline Gunn,en
ramona Mcintosh,en
jeffrey Kahunas,en
jason Scott,en
sherman Cannon,en
Lovely Cass,en
Carrie,en
anthony Nelson,en
wesley Holmes,en
Khloe Irving,en
nick Luna,en
Messiah Haynes,en
thomas Lopez,en
Cynthia Mary Hunter,en
Bossy Bo $$,en
anton Haynes,en
alec Moody,en
Jayda Stone,en
ÃßMÃß»©ƒºaÃß≈ÜiÃß≈Ü,en
nancy CAMPBELL,en
jeanne Mccarthy,en
Jadon Dailey,en
Adrienne,en
laura Baeley,en
bao Ham,en
Travi $ Lane,en
#VALUE!,
#VALUE!,
#VALUE!,
#VALUE!,
jared Mallory,en
sarah Richards,en
Garret Simpson,en
kate Ritter,en
ernest Rivers,en
Claudia,en
elias Briggs,en
pam Daniels,en
curtis Burrell,en
rick Shafer,en
Javon Grayson,en
alexander Massey,en
Susan,en
samir Gooden,en
gabriella Aldana,en
chad Sloyer,en
Emilee Waren,en
Gwendolyn Lovet,en
amelie Baldwin,en
rosie Wise,en
Jerry,en
peyton Cash,en
Will Wise,en
Chase Bacon,en
john Larsen,en
stanley Parrish,en
archie Olivers,en
Bleep The Police,en
Watch Jenny Walkin ',en
michelle Arrington,en
reginald Blackmon,en
cornell Burchett,en
jackie Best,en
kelvin Chambers,en
randolph Burris,en
#VALUE!,
zachary Freeman,en
steven Cook,en
One Mighty Fish,en
mackenzie Donovan,en
jasmin Jacobs,en
ida Marks,en
Donna from USA,en
Hunter Odom,en
Fluffy Melvin,en
clyde Pratt,en
Dorothie,en
Deandre Gregory,en
michael Garcia,en
Briana Ragland,en
ryan Maxwell,en
Raven Nicholson,en
Arthur Buranov,ru
Buchin Borya,ru
Mr Pudding,ru
Artyom Zakharov,ru
Valentina Dmitrieva,ru
BogdanKravtsov,ru
Alexey Lapin,ru
Warfare Worldwide,en
wade Harriot,en
Jadon Hutchinson,en
Maria Kotova,ru
San Francisco Daily,en
jake Fischer,en
Taisiya Avdeeva,ru
Olga Ilina,ru
Ruslan Rogov,ru
Neurotic,ru
The old scout,ru
Vyacheslav Ponomarev,ru
Victoria Borisova,ru
Nikolay Chernenko,ru
Roman Agafonov,ru
Stjepan Sazonov,ru
Vasilych,ru
Anton Erofeenko,ru
Alexei Sokolov,ru
tracy Brooks,en
bruce Dublin,en
Kathie,en
Jasper Flynn,en
eva Green,en
Roman gorole,ru
F.R.I.E.N.D.S,ru
paola Kinck,en
hailey Romano,en
caleb Paar,en
Kendra,en
Danny,en
Colorado,ru
pryntsessa,ru
Chris,en
stanley Cox,en
toby Kress,en
Lenka Voropaeva,ru
eric Roberts,en
Chicago Daily News,en
More,ru
Alexei Vladimirov,ru
Oleg Lapin,ru
State Councillor,ru
Sergey Bryantsev,ru
lora Green,en
memphis Online,en
aiden Ramsey,en
Politweecs,en
Mono,ru
Detroit Daily News,en
anthony Porter,en
leroy Barton,en
Justin,en
Mikhail Novikov,ru
Gleb Nikonov,ru
Anatoly Sergeev,ru
Denis,ru
Boris Eliseev,ru
Coyuzniki Russia,en
Proud Robert,en
Jacky,en
Valya Bocharnikov,ru
Alexander Kharitonov,ru
jude Lambert,en
KansasCityDailyNews,en
cassie Weltch,en
Raphael,en
pittsburgh Today,en
Jarrard,en
donald Finley,en
amy Green,en
philadelphia Online,en
david Collier,en
Los Angeles Daily,en
muesli Lavrov,ru
bob Hodges,en
blake Cline,en
Bekky Garner,en
casey Pittman,en
washington Online,en
New York City Today,en
cleveland Online,en
Phoenix Daily News,en
San Antonio Top News,en
giselle Evans,en
dana Gold,en
jenna Abrams,en
#VALUE!,
christian Morgan,en
newspeak Daily,en
Screamy Monkey,en
Special Affair,en
baltimore Online,en
St. louis Online,en
richmond Voice,en
kristian Aldrich,en
Holly Elder,en
kenneth Pierce,en
milo Blake,en
devin Brewer,en
newark Voice,en
Baton Rouge Voice,en
1-800-WOKE-AF,en
World Of Hashtags,en
syria Today,en
BlackMatters,en
Tea Party News,en
4 My Squad,en
Black Eye,en
Black Voice,en
Heart Of Texas,en
Black News,en
Right and Proud,en
South Lone Star,en
Do not Shoot,en
Traynesha Cole üåê,en
eliana Galloway,en
Cateline,en
susan Young,en
tara Franko,en
sean Beast,en
shane Mathews,en
clayton Paige,en
# I'mWokeAF,en
Patrick,en
kayden Melton,en
charles Wright,en
Praying for Love,en
Wonderwoman,en
#VALUE!,
Johnie Vaughan,en
may Sullivan,en
paul Stewart,en
Sincere Pruitt,en
jeannette Whitley,en
jonathan Branch,en
Karen P.,en
theresa Elmore,en
adrian Greer,en
Damani Miles,en
rachael Holbrook,en
malik Chandler,en
Johnie Cooks,en
adam Chapman,en
brian Carter,en
angel Underwood,en
willis Bonner,en
jeremy Cooley,en
Nehemiah Ingram,en
arielle Goodwin,en
robert Thompson,en
john Martin,en
Ken,en
Janel P.,en
matthew Caldwell,en
cookie monster,en
brice Geller,en
cory Hale,en
khalil Sneed,en
brent Mcclure,en
christian Ward,en
patricia Cooper,en
The Cold War 2.0,ru
clifton Hughes,en
rita Hart,en
Austin,en
New Orleans Online,en
kate Stafford,en
abigail Silk,en
El Paso Top News,en
dominic Valentine,en
cincinnati Today,en
james Cox,en
boston Today,en
rick Irwin,en
seattle Post,en
Houston Top News,en
San Diego Daily,en
Dallas Top News,en
atlanta Online,en
miami Today,en
tatiana Maksimova,ru
oakland Online,en
Jackson City Post,en
kelvin Sok,en
nataly Turner,en
Damascus Herald,ru
Being Patriotic,en
Patriot Archive,en
People For Justice!,en
luke Jones,en
#VALUE!,
#VALUE!,
New Jersey Black,en
Red Louisiana News,en
Telah Blac,en
Jeblary Bushton,en
american Muslims,en
OnliVan,ru
Isle,ru
Danila Maslov,ru
newtime,ru
Frieda,ru
stuart O'Shaughnessy,en
horror,ru
Mickey Smiles,ru
Tom Roney,ru
Lyusik Vinkovo,ru
Arkady Trofimov,ru
Lila Gorila,ru
Maxim Dementiev,ru
YAT tv,ru
Olga,ru
Maxim Blaginin,ru
you fucked,ru
Boris Krasil'nikov,ru
Bantta,ru
Ilya Rogov,ru
Krusty Psycho,ru
PoliceState,en
ÿ£ÿÆÿ®ÿßÿ± ÿπÿßÿ¨ŸÑÿ© ŸÖŸÜ ÿ≥Ÿàÿ±Ÿäÿß,en
Lonesome George,ru
lindsey Rodriguez,en
Meggie O'Neil,en
edmund Ragland,en
Margarita Beroeva,ru
donna Miller,en
gloris Glaze,en
RIA FAN,ru
Nikolai Zubov,ru
Pigeon Today,en
Malcolm,en
Instotus,en
Global Enemy,en
chris Port,de
darrell Hunt,en
Margareth Kurz,de
andreas Stern,de
House of cards,ru
Arseniy or Roman,ru
Sister Jude Martin,ru
Brezhnev eyebrows,ru
Erdollum,de
Spector,ru
Markiya,en
Psycho,ru
your Harley,ru
Millenium,ru
Corton,ru
Lama Nana,ru
PolitOpros,ru
chic,ru
Kitten & Enotik,ru
WorldNewsPolitics,es
19:37,ru
andreas Eulitz,de
angela Lattke,de
nils Berkhoff,de
berlin Bote,de
Blacktivist,en
Valery Breusov,en
Chaotic Neutral,en
maria Fischer,de
GEO Review,en
Lana Del Roger,ru
InstVets,en
jihadist Wife,en
Johnny Morgan,ru
LGBT United,en
LinaLuna,ru
lukas R√∂sler,de
Maxime Garon,fr
darya medovaya,ru
Barin-Mod,ru
matthias Berger,de
ObniMasha,ru
$ 10 challenge,en
peter Kistner,de
Russian in America,ru
ingrid Schulte,de
katharina Sonder,de
tina Kurtz,de
timofey tsvetkov,en
Williams & Kalvin,en
diana Williams,en
joachim Buchwitz,de
klara Sauber,de
maria Neuberg,de
,
,
,
,
,
,
,
,
,
,
,
,
,
,
,
,
,
,
,
,
,
,
,
,
,
,riogithief
,JaedenMassey
,IanCalh0un
,MilwaukeeVoice
,portmela
,BeverlyBalsom
,ssus_panther
,ChristinaCrisss
,JsnCarey
,ColbyST1
,AlbertMoreNMore
,Roscoe_Riddle
,Israel_Wills
,OrrClay
,agnesgrhm
,RyannCooperwood
,Gibbs_Jeremy_
,GraceLilStar
,wildharee
,handsome_henson
,Danny_Turner_1
,jrrbrtt
,Jon_Underwood_
,EdmundC0oke
,SindyBlossom
,sto_christi
,YaelTrouble
,KristyanaNN
,T0nyaSinclair
,KimberleighLamb
,HamburgBote
,ReachItDoIt
,KirstenLaDaniel
,gwen_garland
,KlausFinker
,srahSE
